<?xml version="1.0"?>
<!DOCTYPE hibernate-mapping PUBLIC "-//Hibernate/Hibernate Mapping DTD 3.0//EN"
"http://www.hibernate.org/dtd/hibernate-mapping-3.0.dtd">
<!-- Generated 04-mar-2024 12:21:34 by Hibernate Tools 4.3.1 -->
<hibernate-mapping>
    <class name="hibernate.Lider" table="lider" catalog="redsocial" optimistic-lock="version">
        <id name="idLider" type="int">
            <column name="idLider" />
            <generator class="assigned" />
        </id>
        <property name="nombre" type="string">
            <column name="nombre" length="45" not-null="true" unique="true" />
        </property>
        <property name="fechaAlta" type="date">
            <column name="fecha_alta" length="10" not-null="true" />
        </property>
    </class>
</hibernate-mapping>
